{"cameraMode":{"drawMode":0,"name":"Shaded","section":"Shading Mode"},"sceneLighting":true,"audioPlay":false,"sceneViewState":{"m_AlwaysRefresh":false,"showFog":true,"showSkybox":true,"showFlares":true,"showImageEffects":true,"showParticleSystems":true,"showVisualEffectGraphs":true,"m_FxEnabled":true},"in2DMode":false,"pivot":{"x":-435.07672119140627,"y":45.230342864990237,"z":30.147581100463868},"rotation":{"x":-0.013893180526793003,"y":0.677795946598053,"z":-0.012810539454221726,"w":-0.7350334525108337},"size":142.71119689941407,"orthographic":false}