{"cameraMode":{"drawMode":0,"name":"Shaded","section":"Shading Mode"},"sceneLighting":true,"audioPlay":false,"sceneViewState":{"m_AlwaysRefresh":false,"showFog":true,"showSkybox":true,"showFlares":true,"showImageEffects":true,"showParticleSystems":true,"showVisualEffectGraphs":true,"m_FxEnabled":true},"in2DMode":false,"pivot":{"x":20.077096939086915,"y":7.441610813140869,"z":-0.0747837945818901},"rotation":{"x":-0.017975686118006707,"y":-0.050969526171684268,"z":-0.0009175565792247653,"w":0.9985392093658447},"size":2.0404701232910158,"orthographic":false}