{"cameraMode":{"drawMode":0,"name":"Shaded","section":"Shading Mode"},"sceneLighting":true,"audioPlay":false,"sceneViewState":{"m_AlwaysRefresh":false,"showFog":true,"showSkybox":true,"showFlares":true,"showImageEffects":true,"showParticleSystems":true,"showVisualEffectGraphs":true,"m_FxEnabled":true},"in2DMode":false,"pivot":{"x":-667.5147705078125,"y":25.24001693725586,"z":54.687713623046878},"rotation":{"x":0.030873915180563928,"y":0.8989952802658081,"z":-0.06431432068347931,"w":0.4322385787963867},"size":13.019439697265625,"orthographic":false}