{"cameraMode":{"drawMode":0,"name":"Shaded","section":"Shading Mode"},"sceneLighting":true,"audioPlay":false,"sceneViewState":{"m_AlwaysRefresh":false,"showFog":true,"showSkybox":true,"showFlares":true,"showImageEffects":true,"showParticleSystems":true,"showVisualEffectGraphs":true,"m_FxEnabled":true},"in2DMode":false,"pivot":{"x":1.1879464387893677,"y":11.177419662475586,"z":38.19675064086914},"rotation":{"x":-0.0921541079878807,"y":0.04985719546675682,"z":-0.004625146742910147,"w":-0.9945109486579895},"size":12.12435531616211,"orthographic":false}