{"cameraMode":{"drawMode":0,"name":"Shaded","section":"Shading Mode"},"sceneLighting":true,"audioPlay":false,"sceneViewState":{"m_AlwaysRefresh":false,"showFog":true,"showSkybox":true,"showFlares":true,"showImageEffects":true,"showParticleSystems":true,"showVisualEffectGraphs":true,"m_FxEnabled":true},"in2DMode":false,"pivot":{"x":491.84124755859377,"y":507.5673828125,"z":112.78817749023438},"rotation":{"x":0.008998380973935128,"y":-0.017998265102505685,"z":0.0001620116672711447,"w":0.9997968077659607},"size":252.00318908691407,"orthographic":true}