{"cameraMode":{"drawMode":0,"name":"Shaded","section":"Shading Mode"},"sceneLighting":true,"audioPlay":false,"sceneViewState":{"m_AlwaysRefresh":false,"showFog":true,"showSkybox":true,"showFlares":true,"showImageEffects":true,"showParticleSystems":true,"showVisualEffectGraphs":true,"m_FxEnabled":true},"in2DMode":false,"pivot":{"x":671.8353271484375,"y":284.14593505859377,"z":-85.31861877441406},"rotation":{"x":0.013488716445863247,"y":0.040485214442014697,"z":-0.0005465127760544419,"w":0.999113142490387},"size":527.2447509765625,"orthographic":true}